post_link,tagname,synonym
https://meta.stackoverflow.com/q/323706,[jon-skeet],
https://meta.stackoverflow.com/q/319320,[updateapplicationcontext],
https://meta.stackoverflow.com/q/281617,[8.1],
https://meta.stackoverflow.com/q/338338,[delphi-berlin],
https://meta.stackoverflow.com/q/302176,[regex-spit],
https://meta.stackoverflow.com/q/313984,[jumping],
https://meta.stackoverflow.com/q/322140,[asp.net-core-mvc6],
https://meta.stackoverflow.com/q/322140,[asp.net-mvc6],
https://meta.stackoverflow.com/q/334617,[emr],amazon-emr
https://meta.stackoverflow.com/q/342908,[null-statement],
https://meta.stackoverflow.com/q/269575,[documentdb],
https://meta.stackoverflow.com/q/278700,[syllable],
https://meta.stackoverflow.com/q/285337,[flotcharts],
https://meta.stackoverflow.com/q/303614,[barebones],
https://meta.stackoverflow.com/q/303897,[ace.js],
https://meta.stackoverflow.com/q/309015,[interpeter],
https://meta.stackoverflow.com/q/312242,[writedata],
https://meta.stackoverflow.com/q/316380,[apdu-command],
https://meta.stackoverflow.com/q/317327,[sarbanesoxley],
https://meta.stackoverflow.com/q/334689,[webtools],
https://meta.stackoverflow.com/q/342456,[webshperemq],
https://meta.stackoverflow.com/q/342985,[surge],
https://meta.stackoverflow.com/q/262509,[information-display],
https://meta.stackoverflow.com/q/266622,[xcode6-beta4],xcode6
https://meta.stackoverflow.com/q/294600,[qlikview.next],
https://meta.stackoverflow.com/q/298673,[readonlycollection],
https://meta.stackoverflow.com/q/298673,[readonlyattribute],
https://meta.stackoverflow.com/q/298673,[isreadonly],
https://meta.stackoverflow.com/q/298673,[ireadonlydictionary],
https://meta.stackoverflow.com/q/298673,[facebook-read-only-api],
https://meta.stackoverflow.com/q/298673,[readonlydictionary],
https://meta.stackoverflow.com/q/304018,[fdisk],
https://meta.stackoverflow.com/q/308490,[python35],
https://meta.stackoverflow.com/q/322982,[facebook-relay],
https://meta.stackoverflow.com/q/323884,[uitableviewautomaticdim],
https://meta.stackoverflow.com/q/328702,[support-bintray-release],
https://meta.stackoverflow.com/q/332074,[scripting-runtime],
https://meta.stackoverflow.com/q/333605,[reservation],
https://meta.stackoverflow.com/q/341722,[dynamically-loaded],
https://meta.stackoverflow.com/q/356827,[unity5.3],unity3d
https://meta.stackoverflow.com/q/295641,[context],
https://meta.stackoverflow.com/q/297714,[ajax-success],
https://meta.stackoverflow.com/q/297714,[ajaxcomplete],
https://meta.stackoverflow.com/q/306651,[connection-manager],
https://meta.stackoverflow.com/q/313119,[manifest.xml],
https://meta.stackoverflow.com/q/330139,[slimframework],slim
https://meta.stackoverflow.com/q/345788,[andriod],
https://meta.stackoverflow.com/q/294901,[forgery],
https://meta.stackoverflow.com/q/298942,[mouseless],
https://meta.stackoverflow.com/q/317858,[mvc6],
https://meta.stackoverflow.com/q/335929,[vuejs],vue.js
https://meta.stackoverflow.com/q/335929,[vue2],vuejs2
https://meta.stackoverflow.com/q/284164,[microsoft],
https://meta.stackoverflow.com/q/294235,[gadgets],
https://meta.stackoverflow.com/q/342016,[maxtotalconnections],
https://meta.stackoverflow.com/q/356785,[rooms],
https://meta.stackoverflow.com/q/281246,[basemap],matplotlib-basemap
https://meta.stackoverflow.com/q/290721,[quickstart],
https://meta.stackoverflow.com/q/307646,[magazine],
https://meta.stackoverflow.com/q/294990,[adoption],
https://meta.stackoverflow.com/q/300510,[coprocessor],
https://meta.stackoverflow.com/q/332834,[aspnet-core],asp.net-core
https://meta.stackoverflow.com/q/250936,[spark],amazon-spark
https://meta.stackoverflow.com/q/293460,[BAM],
https://meta.stackoverflow.com/q/254114,[discussion-board],
https://meta.stackoverflow.com/q/290629,[intro],
https://meta.stackoverflow.com/q/338362,[aws-sdk-v2],
https://meta.stackoverflow.com/q/251953,[hacking],
https://meta.stackoverflow.com/q/288839,[unity],unity3d
https://meta.stackoverflow.com/q/290929,[airport],
https://meta.stackoverflow.com/q/291990,[hamming],
https://meta.stackoverflow.com/q/250958,[cv],computer-vision
https://meta.stackoverflow.com/q/281877,[delphi64],
https://meta.stackoverflow.com/q/311751,[gain],
https://meta.stackoverflow.com/q/286996,[group],
https://meta.stackoverflow.com/q/291658,[active],
https://meta.stackoverflow.com/q/303672,[3rd-party],
https://meta.stackoverflow.com/q/344180,[backlink],
https://meta.stackoverflow.com/q/295008,[getItem],
https://meta.stackoverflow.com/q/286219,[counters],
https://meta.stackoverflow.com/q/315807,[presentmodalviewcontrolle],
https://meta.stackoverflow.com/q/359018,[memorization],
https://meta.stackoverflow.com/q/284083,[magazine],
https://meta.stackoverflow.com/q/346340,[statistical-analysis-soft],
https://meta.stackoverflow.com/q/321672,[psychology],
https://meta.stackoverflow.com/q/297165,[delivery],
https://meta.stackoverflow.com/q/271007,[web.confg],
https://meta.stackoverflow.com/q/271007,[web.config],web-config
https://meta.stackoverflow.com/q/305896,[maintaining-code],
https://meta.stackoverflow.com/q/317173,[multiple-choice-question],
https://meta.stackoverflow.com/q/348599,[interpreted],
https://meta.stackoverflow.com/q/340379,[csp],
https://meta.stackoverflow.com/q/254557,[groups],
https://meta.stackoverflow.com/q/344013,[util],
https://meta.stackoverflow.com/q/292266,[blank-page],
https://meta.stackoverflow.com/q/357459,[meeting],
https://meta.stackoverflow.com/q/357459,[live-meeting],
https://meta.stackoverflow.com/q/322823,[initalization],
https://meta.stackoverflow.com/q/355448,[ir],
https://meta.stackoverflow.com/q/307166,[PCL],
https://meta.stackoverflow.com/q/322728,[setstyle],
https://meta.stackoverflow.com/q/359176,[cracker],
https://meta.stackoverflow.com/q/346072,[Angular4],angular
https://meta.stackoverflow.com/q/355639,[immediate],
https://meta.stackoverflow.com/q/284906,[logical],
https://meta.stackoverflow.com/q/358966,[wheel],
https://meta.stackoverflow.com/q/286177,[hdd],hard-drive
https://meta.stackoverflow.com/q/335362,[violation],
https://meta.stackoverflow.com/q/359838,[russian],
https://meta.stackoverflow.com/q/268187,[user],
https://meta.stackoverflow.com/q/354716,[phone],
https://meta.stackoverflow.com/q/269198,[max-length],
https://meta.stackoverflow.com/q/269962,[google-chrome-devtoolssql],
https://meta.stackoverflow.com/q/272299,[fullpage],
https://meta.stackoverflow.com/q/272359,[slowly-changing-dimension],
https://meta.stackoverflow.com/q/274997,[make-unique],
https://meta.stackoverflow.com/q/278706,[clean-string],
https://meta.stackoverflow.com/q/349992,[flyway4],
https://meta.stackoverflow.com/q/250907,[common-language-interface],
https://meta.stackoverflow.com/q/250972,[xmldsig],
https://meta.stackoverflow.com/q/262722,[attach],
https://meta.stackoverflow.com/q/269144,[ses],
https://meta.stackoverflow.com/q/278950,[print-to-file],
https://meta.stackoverflow.com/q/289824,[application-scoped],
https://meta.stackoverflow.com/q/303790,[triangle-generation],
https://meta.stackoverflow.com/q/307158,[bash2zsh],
https://meta.stackoverflow.com/q/313661,[conversion-function],
https://meta.stackoverflow.com/q/319993,[managment],
https://meta.stackoverflow.com/q/268229,[webdriverjs],selenium-webdriver
https://meta.stackoverflow.com/q/273098,[unsupported],
https://meta.stackoverflow.com/q/275446,[cratedata],
https://meta.stackoverflow.com/q/322376,[reputation-tracker],
https://meta.stackoverflow.com/q/354832,[pxe],
https://meta.stackoverflow.com/q/266218,[goodapp],
https://meta.stackoverflow.com/q/266958,[windows-universal],win-universal-app
https://meta.stackoverflow.com/q/271605,[answers-as-comments],
https://meta.stackoverflow.com/q/355479,[ibm-text-to-speech],
https://meta.stackoverflow.com/q/358372,[planning-game],
https://meta.stackoverflow.com/q/268367,[calling],
https://meta.stackoverflow.com/q/276205,[primer],
https://meta.stackoverflow.com/q/287635,[stackoverflow.com],
https://meta.stackoverflow.com/q/298411,[fullname],
https://meta.stackoverflow.com/q/332027,[processingjs],
https://meta.stackoverflow.com/q/349906,[knights-tour],
https://meta.stackoverflow.com/q/258302,[mvvmcross-community],
https://meta.stackoverflow.com/q/272409,[failed],
https://meta.stackoverflow.com/q/272953,[gb],
https://meta.stackoverflow.com/q/287045,[carray],
https://meta.stackoverflow.com/q/355320,[exposed],
https://meta.stackoverflow.com/q/356977,[C#-MySQL],
https://meta.stackoverflow.com/q/359435,[database-managers],
https://meta.stackoverflow.com/q/268174,[stop],
https://meta.stackoverflow.com/q/272558,[growth],
https://meta.stackoverflow.com/q/290850,[turbo],
https://meta.stackoverflow.com/q/302418,[m-file],
https://meta.stackoverflow.com/q/343430,[toggleclass],
https://meta.stackoverflow.com/q/252109,[leak],
https://meta.stackoverflow.com/q/271115,[live-issue],
https://meta.stackoverflow.com/q/254553,[fit],
https://meta.stackoverflow.com/q/259991,[editable],
https://meta.stackoverflow.com/q/260618,[jsr303],
https://meta.stackoverflow.com/q/278485,[dual],
https://meta.stackoverflow.com/q/294995,[spark-framework],spark-java
https://meta.stackoverflow.com/q/320924,[cu],
https://meta.stackoverflow.com/q/277449,[redundant],
https://meta.stackoverflow.com/q/277491,[done],
https://meta.stackoverflow.com/q/281130,[common-practices],
https://meta.stackoverflow.com/q/286423,[success],
https://meta.stackoverflow.com/q/294051,[projecteuler],
https://meta.stackoverflow.com/q/319380,[java.lang.linkageerror],
https://meta.stackoverflow.com/q/267238,[sql-puzzle],
https://meta.stackoverflow.com/q/276161,[android-game],
https://meta.stackoverflow.com/q/285938,[linux-wheezy],
https://meta.stackoverflow.com/q/295950,[jumping],
https://meta.stackoverflow.com/q/296184,[outsourcing],
https://meta.stackoverflow.com/q/296184,[technology-stack],
https://meta.stackoverflow.com/q/296184,[market-share],
https://meta.stackoverflow.com/q/300777,[c-like],
https://meta.stackoverflow.com/q/320706,[nax],
https://meta.stackoverflow.com/q/253158,[closing],
https://meta.stackoverflow.com/q/271454,[pedagogy],
https://meta.stackoverflow.com/q/290739,[internet-download-manager],
https://meta.stackoverflow.com/q/348072,[jquery-contents],
https://meta.stackoverflow.com/q/276260,[bar],
https://meta.stackoverflow.com/q/289236,[swift-generics],generics
https://meta.stackoverflow.com/q/290487,[sheet],
https://meta.stackoverflow.com/q/291989,[java-netowrk-programming],
https://meta.stackoverflow.com/q/356157,[sqa],
https://meta.stackoverflow.com/q/348232,[angularjs-2.0],
https://meta.stackoverflow.com/q/349318,[Unity5.2.3],
https://meta.stackoverflow.com/q/267068,[submodule],git-submodules
https://meta.stackoverflow.com/q/275680,[3rd-party-controls],
https://meta.stackoverflow.com/q/284243,[interference],
https://meta.stackoverflow.com/q/287541,[etymology],
https://meta.stackoverflow.com/q/267683,[cheat],
https://meta.stackoverflow.com/q/359866,[hackerrank],
https://meta.stackoverflow.com/q/252132,[underlying],
https://meta.stackoverflow.com/q/268253,[c++primer],
https://meta.stackoverflow.com/q/269052,[java-libraries],java
https://meta.stackoverflow.com/q/285879,[google-datastore],google-cloud-datastore
https://meta.stackoverflow.com/q/285879,[gae-datastore],google-cloud-datastore
https://meta.stackoverflow.com/q/285879,[google],
https://meta.stackoverflow.com/q/268373,[deallocate],
https://meta.stackoverflow.com/q/274305,[cancel],
https://meta.stackoverflow.com/q/276829,[reveal],
https://meta.stackoverflow.com/q/285278,[Masked],
https://meta.stackoverflow.com/q/344165,[gibberish],
https://meta.stackoverflow.com/q/251067,[check],
https://meta.stackoverflow.com/q/281817,[combox],
https://meta.stackoverflow.com/q/282962,[zeroes],
https://meta.stackoverflow.com/q/286985,[ethics],
https://meta.stackoverflow.com/q/288680,[star],
https://meta.stackoverflow.com/q/290065,[stash],
https://meta.stackoverflow.com/q/295888,[auction],
https://meta.stackoverflow.com/q/254118,[squeeze],
https://meta.stackoverflow.com/q/256370,[pages],
https://meta.stackoverflow.com/q/256592,[interview-question],
https://meta.stackoverflow.com/q/278508,[wp81],
https://meta.stackoverflow.com/q/290763,[personal-website],
https://meta.stackoverflow.com/q/294947,[software-hunting],
https://meta.stackoverflow.com/q/315249,[jrxml],jasper-reports
https://meta.stackoverflow.com/q/356898,[production-support],
https://meta.stackoverflow.com/q/275314,[fortify360],fortify
https://meta.stackoverflow.com/q/276859,[self-closing],
https://meta.stackoverflow.com/q/289839,[catastrophic-failure],
https://meta.stackoverflow.com/q/345129,[language-identification],
https://meta.stackoverflow.com/q/357080,[hints-and-tips],
https://meta.stackoverflow.com/q/262307,[programming],
https://meta.stackoverflow.com/q/288841,[define],
https://meta.stackoverflow.com/q/312062,[visual],
https://meta.stackoverflow.com/q/323951,[custom],
https://meta.stackoverflow.com/q/351856,[microsoft-certifications],
https://meta.stackoverflow.com/q/271959,[commercial],
https://meta.stackoverflow.com/q/275935,[project-euler],
https://meta.stackoverflow.com/q/281568,[turn-off],
https://meta.stackoverflow.com/q/267943,[stacking],
https://meta.stackoverflow.com/q/276548,[4clojure],
https://meta.stackoverflow.com/q/356197,[teamwork],
https://meta.stackoverflow.com/q/250900,[healthcare-industry],
https://meta.stackoverflow.com/q/298268,[bts],
https://meta.stackoverflow.com/q/298928,[software-tools],
https://meta.stackoverflow.com/q/261572,[historical],
https://meta.stackoverflow.com/q/261572,[outdated],
https://meta.stackoverflow.com/q/262711,[safe],
https://meta.stackoverflow.com/q/268930,[modify],
https://meta.stackoverflow.com/q/289933,[bottleneck],
https://meta.stackoverflow.com/q/308136,[file.exists],
https://meta.stackoverflow.com/q/257966,[school-task],
https://meta.stackoverflow.com/q/280860,[non-functional],
https://meta.stackoverflow.com/q/267890,[real],
https://meta.stackoverflow.com/q/350280,[Luciad],
https://meta.stackoverflow.com/q/256746,[data],
https://meta.stackoverflow.com/q/258548,[countup],
https://meta.stackoverflow.com/q/262044,[deleted],
https://meta.stackoverflow.com/q/280731,[scan],
https://meta.stackoverflow.com/q/295011,[magic],
https://meta.stackoverflow.com/q/300971,[changes],
https://meta.stackoverflow.com/q/338705,[mutual],
https://meta.stackoverflow.com/q/258403,[optimal],
https://meta.stackoverflow.com/q/268939,[selling-software],
https://meta.stackoverflow.com/q/272956,[rolling],
https://meta.stackoverflow.com/q/319624,[liveserver],
https://meta.stackoverflow.com/q/261297,[retry],
https://meta.stackoverflow.com/q/273177,[training],
https://meta.stackoverflow.com/q/285613,[linked],
https://meta.stackoverflow.com/q/289196,[physical],
https://meta.stackoverflow.com/q/311811,[blank-space],
https://meta.stackoverflow.com/q/252514,[easter-eggs],
https://meta.stackoverflow.com/q/272482,[pricing],
https://meta.stackoverflow.com/q/288662,[managment],
https://meta.stackoverflow.com/q/293590,[changed],
https://meta.stackoverflow.com/q/298094,[status-yay],
https://meta.stackoverflow.com/q/316057,[checklist],
https://meta.stackoverflow.com/q/350084,[compliance],
https://meta.stackoverflow.com/q/250950,[do],
https://meta.stackoverflow.com/q/313767,[code-quality],
https://meta.stackoverflow.com/q/269477,[inconsistency],
https://meta.stackoverflow.com/q/253760,[crockford],
https://meta.stackoverflow.com/q/258176,[handling],
https://meta.stackoverflow.com/q/356660,[customer-support],
https://meta.stackoverflow.com/q/271429,[usage],
https://meta.stackoverflow.com/q/286362,[hp],
https://meta.stackoverflow.com/q/316063,[getgenerictype],
https://meta.stackoverflow.com/q/358299,[flame],
https://meta.stackoverflow.com/q/255938,[stanford],
https://meta.stackoverflow.com/q/294849,[third-party],
https://meta.stackoverflow.com/q/255681,[unresponsive],
https://meta.stackoverflow.com/q/261486,[customclasses],
https://meta.stackoverflow.com/q/292023,[shellscript],shell
https://meta.stackoverflow.com/q/253502,[phone],
https://meta.stackoverflow.com/q/253502,[cellphone],
https://meta.stackoverflow.com/q/253502,[telephone],
https://meta.stackoverflow.com/q/298476,[delete],
https://meta.stackoverflow.com/q/298476,[deletion],
https://meta.stackoverflow.com/q/298476,[deleting],
https://meta.stackoverflow.com/q/302467,[source],
https://meta.stackoverflow.com/q/258649,[retrieve],
https://meta.stackoverflow.com/q/305689,[forward-slash],
https://meta.stackoverflow.com/q/314427,[spoon-feeding],
https://meta.stackoverflow.com/q/286085,[common],
https://meta.stackoverflow.com/q/299968,[questionmark],
https://meta.stackoverflow.com/q/317753,[x],
https://meta.stackoverflow.com/q/318315,[importance],
https://meta.stackoverflow.com/q/344349,[data],
https://meta.stackoverflow.com/q/295520,[art],
https://meta.stackoverflow.com/q/302396,[real-world-haskell],
https://meta.stackoverflow.com/q/289244,[now],
https://meta.stackoverflow.com/q/254240,[hello-world],
https://meta.stackoverflow.com/q/254379,[content],
https://meta.stackoverflow.com/q/294089,[game],
https://meta.stackoverflow.com/q/308951,[codingbat],
https://meta.stackoverflow.com/q/347693,[gadget],
https://meta.stackoverflow.com/q/347693,[gadgets],
https://meta.stackoverflow.com/q/347693,[windows-gadgets],
https://meta.stackoverflow.com/q/298522,[scrummaster],
https://meta.stackoverflow.com/q/254915,[exam],
https://meta.stackoverflow.com/q/298670,[ignoring],
https://meta.stackoverflow.com/q/319518,[backwards],
https://meta.stackoverflow.com/q/258595,[unresolved],
https://meta.stackoverflow.com/q/260624,[tick],
https://meta.stackoverflow.com/q/351421,[money],currency
https://meta.stackoverflow.com/q/303510,[calculated],
https://meta.stackoverflow.com/q/303434,[exclude],
https://meta.stackoverflow.com/q/262731,[item],
https://meta.stackoverflow.com/q/342776,[dual-boot],
https://meta.stackoverflow.com/q/311809,[exhaustive],
https://meta.stackoverflow.com/q/351159,[freecodecamp],
https://meta.stackoverflow.com/q/262699,[modified],
https://meta.stackoverflow.com/q/309222,[.bash-script],
https://meta.stackoverflow.com/q/323641,[blinking],
https://meta.stackoverflow.com/q/291351,[learn-c-the-hard-way],
https://meta.stackoverflow.com/q/320847,[news],
https://meta.stackoverflow.com/q/262962,[tape],
https://meta.stackoverflow.com/q/292086,[source-code],
https://meta.stackoverflow.com/q/253507,[statement],
https://meta.stackoverflow.com/q/281709,[gcm],google-cloud-messaging
https://meta.stackoverflow.com/q/281709,[android-gcm],google-cloud-messaging
https://meta.stackoverflow.com/q/341315,[language],
https://meta.stackoverflow.com/q/284042,[strong],
https://meta.stackoverflow.com/q/302679,[protect],
https://meta.stackoverflow.com/q/266041,[dark],
https://meta.stackoverflow.com/q/319388,[web2.0],
https://meta.stackoverflow.com/q/319388,[web3.0],
https://meta.stackoverflow.com/q/341843,[software-engineering],
https://meta.stackoverflow.com/q/316822,[xxx-basic],
https://meta.stackoverflow.com/q/274845,[coursera],
https://meta.stackoverflow.com/q/348598,[atom],
https://meta.stackoverflow.com/q/252760,[run],
https://meta.stackoverflow.com/q/253081,[manager],
https://meta.stackoverflow.com/q/285084,[priority],
https://meta.stackoverflow.com/q/349582,[dot-notation],
https://meta.stackoverflow.com/q/295233,[corners],
https://meta.stackoverflow.com/q/298984,[guidelines],
https://meta.stackoverflow.com/q/351225,[htc],
https://meta.stackoverflow.com/q/308117,[close],
https://meta.stackoverflow.com/q/322871,[moderation],
https://meta.stackoverflow.com/q/295117,[legal],
https://meta.stackoverflow.com/q/258571,[once],
https://meta.stackoverflow.com/q/308792,[friendship],
https://meta.stackoverflow.com/q/349778,[entry],
https://meta.stackoverflow.com/q/355395,[convert],
https://meta.stackoverflow.com/q/323081,[research],
https://meta.stackoverflow.com/q/321966,[track],
https://meta.stackoverflow.com/q/298124,[manipulation],
https://meta.stackoverflow.com/q/255169,[internet],
https://meta.stackoverflow.com/q/333833,[Apple],
https://meta.stackoverflow.com/q/331817,[godaddy],
https://meta.stackoverflow.com/q/187403,[apps],
https://meta.stackoverflow.com/q/187403,[application],
https://meta.stackoverflow.com/q/372098,[htm],
https://meta.stackoverflow.com/q/260218,[movement],
https://meta.stackoverflow.com/q/338487,[functionality],
https://meta.stackoverflow.com/q/361729,[booking],
https://meta.stackoverflow.com/q/340724,[arrow],
https://meta.stackoverflow.com/q/317120,[goal],
https://meta.stackoverflow.com/q/378438,[identifying],
https://meta.stackoverflow.com/q/378312,[mooc],
https://meta.stackoverflow.com/q/377488,[embarcadero],
https://meta.stackoverflow.com/q/376830,[pp],perl-packager
https://meta.stackoverflow.com/q/376784,[python-list],
https://meta.stackoverflow.com/q/375294,[web-interface],
https://meta.stackoverflow.com/q/374198,[deep],
https://meta.stackoverflow.com/q/373232,[protactor],
https://meta.stackoverflow.com/q/372573,[programming-competitions],
https://meta.stackoverflow.com/q/371967,[regulations],
https://meta.stackoverflow.com/q/371827,[gather],
https://meta.stackoverflow.com/q/371722,[material-design-light],material-design-lite
https://meta.stackoverflow.com/q/371492,[enhancement],
https://meta.stackoverflow.com/q/371416,[application],
https://meta.stackoverflow.com/q/370903,[cite],
https://meta.stackoverflow.com/q/370263,[korean],cjk
https://meta.stackoverflow.com/q/370219,[automobiles],
https://meta.stackoverflow.com/q/369874,[assessment],
https://meta.stackoverflow.com/q/369312,[flask-mega-tutorial],
https://meta.stackoverflow.com/q/367984,[spark-framework],spark-java
https://meta.stackoverflow.com/q/367803,[circular],circular-dependency
https://meta.stackoverflow.com/q/367407,[flipkart],
https://meta.stackoverflow.com/q/366628,[moustache],
https://meta.stackoverflow.com/q/366486,[gdpr],
https://meta.stackoverflow.com/q/366366,[vh],
https://meta.stackoverflow.com/q/366366,[vw],
https://meta.stackoverflow.com/q/366103,[multiple],
https://meta.stackoverflow.com/q/365933,[bypass],
https://meta.stackoverflow.com/q/365905,[customapi],
https://meta.stackoverflow.com/q/365777,[checker-board],
https://meta.stackoverflow.com/q/364698,[embedded-code],
https://meta.stackoverflow.com/q/363941,[data-change],
https://meta.stackoverflow.com/q/363863,[keycloak-2.0.0],
https://meta.stackoverflow.com/q/363504,[place],
https://meta.stackoverflow.com/q/363417,[pronunciation],
https://meta.stackoverflow.com/q/363407,[convolutional-neural-network],conv-neural-network
https://meta.stackoverflow.com/q/363301,[graceful],
https://meta.stackoverflow.com/q/362245,[dogecoin],
https://meta.stackoverflow.com/q/362152,[grab],
https://meta.stackoverflow.com/q/361552,[kotlin-android],
https://meta.stackoverflow.com/q/361542,[game],
https://meta.stackoverflow.com/q/360819,[oscar],
https://meta.stackoverflow.com/q/360333,[atom],
https://meta.stackoverflow.com/q/356290,[workplace],
https://meta.stackoverflow.com/q/351098,[stories],
https://meta.stackoverflow.com/q/351098,[story],
https://meta.stackoverflow.com/q/349001,[vlad],
https://meta.stackoverflow.com/q/348394,[hijack],
https://meta.stackoverflow.com/q/348394,[hijacking],
https://meta.stackoverflow.com/q/348394,[hijacked],
https://meta.stackoverflow.com/q/348131,[ibm],
https://meta.stackoverflow.com/q/342178,[use],
https://meta.stackoverflow.com/q/339421,[level],
https://meta.stackoverflow.com/q/323350,[graphic],graphics
https://meta.stackoverflow.com/q/320690,[design],
https://meta.stackoverflow.com/q/319752,[mark],
https://meta.stackoverflow.com/q/314454,[android-gson],
https://meta.stackoverflow.com/q/314130,[goal],
https://meta.stackoverflow.com/q/310684,[no-duplicates],duplicates
https://meta.stackoverflow.com/q/304225,[words],word
https://meta.stackoverflow.com/q/303925,[unity3d-5],unity3d
https://meta.stackoverflow.com/q/303925,[unity5],unity3d
https://meta.stackoverflow.com/q/299905,[beautifier],
https://meta.stackoverflow.com/q/299905,[beautify],
https://meta.stackoverflow.com/q/299905,[beautification],
https://meta.stackoverflow.com/q/299905,[code-beautifier],
https://meta.stackoverflow.com/q/299905,[php-beautifier],
https://meta.stackoverflow.com/q/295644,[code-execution],
https://meta.stackoverflow.com/q/294230,[value],
https://meta.stackoverflow.com/q/287798,[director],
https://meta.stackoverflow.com/q/278138,[code-review],
https://meta.stackoverflow.com/q/277705,[ratio],
https://meta.stackoverflow.com/q/262741,[goal],
