post_id,tagname
323706,[jon-skeet]
319320,[updateapplicationcontext]
281617,[8.1]
338338,[delphi-berlin]
302176,[regex-spit]
313984,[jumping]
322140,"[asp.net-core-mvc6, asp.net-mvc6]"
334617,"[emr, amazon-emr]"
342908,[null-statement]
269575,[documentdb]
278700,[syllable]
285337,[flotcharts]
303614,"[barebones, bare-metal]"
303897,[ace.js]
309015,[interpeter]
312242,[writedata]
316380,[apdu-command]
317327,[sarbanesoxley]
334689,[webtools]
342456,[webshperemq]
342985,[surge]
262509,[information-display]
266622,[xcode6-beta4]
294600,[qlikview.next]
298673,"[readonlycollection, readonlyattribute, isreadonly, ireadonlydictionary, facebook-read-only-api, readonlydictionary]"
304018,[fdisk]
308490,[python35]
322982,"[facebook-relay, relayjs]"
323884,[uitableviewautomaticdim]
328702,[support-bintray-release]
332074,[scripting-runtime]
333605,[reservation]
340959,"[angularjs-ng-repeat, ng-repeat]"
341722,[dynamically-loaded]
356827,[unity5.3]
295641,[context]
297714,"[ajax-success, ajaxcomplete]"
306651,[connection-manager]
313119,[manifest.xml]
330139,[slimframework]
345788,[andriod]
294901,[forgery]
298942,[mouseless]
317858,[mvc6]
335929,"[vuejs, vue.js, vuejs2, vue2]"
284164,[microsoft]
294235,[gadgets]
342016,[maxtotalconnections]
356785,[rooms]
281246,[basemap]
290721,[quickstart]
307646,[magazine]
294990,[adoption]
300510,[coprocessor]
332834,[aspnet-core]
250936,[spark]
293460,[BAM]
254114,[discussion-board]
290629,[intro]
338362,[aws-sdk-v2]
251953,[hacking]
288839,[unity]
290929,[airport]
291990,[hamming]
250958,[cv]
281877,[delphi64]
311751,[gain]
286996,[group]
291658,[active]
303672,[3rd-party]
344180,[backlink]
295008,[getItem]
286219,[counters]
315807,[presentmodalviewcontrolle]
359018,[memorization]
284083,[magazine]
346340,[statistical-analysis-soft]
321672,[psychology]
297165,[delivery]
271007,"[web.confg, web.config, web-config]"
305896,[maintaining-code]
317173,[multiple-choice-question]
348599,[interpreted]
340379,[csp]
254557,[groups]
344013,[util]
292266,[blank-page]
357459,"[meeting, meeting-request]"
322823,[initalization]
355448,[ir]
307166,[PCL]
322728,[setstyle]
359176,[cracker]
346072,[Angular4]
355639,[immediate]
284906,[logical]
358966,[wheel]
286177,[hdd]
335362,[violation]
359838,[russian]
268187,[user]
354716,[phone]
269198,[max-length]
269962,[google-chrome-devtoolssql]
272299,[fullpage]
272359,[slowly-changing-dimension]
274997,[make-unique]
278706,[clean-string]
349992,[flyway4]
250907,[common-language-interface]
250972,[xmldsig]
262722,[attach]
269144,[ses]
278950,[print-to-file]
289824,[application-scoped]
303790,[triangle-generation]
307158,[bash2zsh]
313661,[conversion-function]
319993,[managment]
268229,[webdriverjs]
273098,[unsupported]
275446,[cratedata]
322376,[reputation-tracker]
354832,[pxe]
266218,[goodapp]
266958,"[windows-universal, win-universal-app]"
271605,[answers-as-comments]
355479,[ibm-text-to-speech]
358372,[planning-game]
268367,[calling]
276205,[primer]
287635,[stackoverflow.com]
298411,[fullname]
303838,[c++]
332027,[processingjs]
349906,[knights-tour]
258302,[mvvmcross-community]
272409,[failed]
272953,[gb]
287045,[carray]
355320,[exposed]
356977,[C#-MySQL]
359435,[database-managers]
268174,[stop]
272558,[growth]
290850,[turbo]
302418,"[m-file, matlab]"
343430,[toggleclass]
252109,[leak]
271115,[live-issue]
254553,[fit]
259991,[editable]
260618,[jsr303]
278485,[dual]
294995,"[spark-framework, spark-java]"
320924,[cu]
277449,[redundant]
277491,[done]
281130,[common-practices]
286423,[success]
294051,[projecteuler]
319380,[java.lang.linkageerror]
267238,[sql-puzzle]
276161,[android-game]
285938,[linux-wheezy]
295950,[jumping]
296184,"[outsourcing, technology-stack, market-share]"
300777,[c-like]
320706,[nax]
253158,[closing]
271454,[pedagogy]
290739,[internet-download-manager]
348072,[jquery-contents]
276260,[bar]
289236,[swift-generics]
290487,[sheet]
291989,[java-netowrk-programming]
356157,[sqa]
348232,[angularjs-2.0]
349318,[Unity5.2.3]
267068,[submodule]
275680,[3rd-party-controls]
284243,[interference]
287541,[etymology]
267683,[cheat]
359866,[hackerrank]
252132,[underlying]
268253,[c++primer]
269052,[java-libraries]
285879,"[google-cloud-datastore, gae-datastore, google]"
268373,[deallocate]
274305,[cancel]
276829,[reveal]
285278,[Masked]
344165,[gibberish]
251067,[check]
281817,[combox]
282962,[zeroes]
286985,[ethics]
288680,[star]
290065,[stash]
295888,[auction]
254118,[squeeze]
256370,[pages]
256592,[interview-question]
278508,[wp81]
290763,[personal-website]
294947,[software-hunting]
315249,[jrxml]
356898,[production-support]
275314,[fortify360]
276859,[self-closing]
289839,[catastrophic-failure]
345129,[language-identification]
357080,[hints-and-tips]
262307,[programming]
288841,[define]
312062,[visual]
323951,[custom]
351856,[microsoft-certifications]
271959,[commercial]
275935,[project-euler]
281568,[turn-off]
267943,[stacking]
276548,[4clojure]
356197,[teamwork]
250900,[healthcare-industry]
298268,[bts]
298928,[software-tools]
261572,"[historical, outdated]"
262711,[safe]
268930,[modify]
289933,[bottleneck]
308136,[file.exists]
257966,[school-task]
280860,[non-functional]
267890,[real]
350280,[Luciad]
256746,[data]
258548,[countup]
262044,[deleted]
280731,[scan]
295011,[magic]
300971,[changes]
338705,[mutual]
258403,[optimal]
268939,[selling-software]
272956,[rolling]
319624,[liveserver]
261297,[retry]
273177,[training]
285613,[linked]
289196,[physical]
311811,[blank-space]
252514,[easter-eggs]
272482,[pricing]
288662,[managment]
293590,[changed]
298094,[status-yay]
316057,[checklist]
350084,[compliance]
250950,[do]
313767,[code-quality]
269477,[inconsistency]
253760,[crockford]
258176,[handling]
356660,[customer-support]
271429,[usage]
286362,[hp]
316063,[getgenerictype]
358299,[flame]
255938,[stanford]
294849,[third-party]
255681,[unresponsive]
261486,[customclasses]
292023,"[shellscript, shell]"
253502,"[phone, cellphone, telephone]"
298476,"[delete, deletion, deleting]"
302467,[source]
258649,[retrieve]
305689,[forward-slash]
314427,[spoon-feeding]
286085,[common]
299968,[questionmark]
317753,[x]
318315,[importance]
344349,[data]
295520,[art]
302396,[real-world-haskell]
289244,[now]
254240,[hello-world]
254379,[content]
294089,[game]
308951,[codingbat]
347693,"[gadget, gadgets, windows-gadgets]"
298522,[scrummaster]
254915,[exam]
298670,[ignoring]
319518,[backwards]
258595,[unresolved]
260624,[tick]
351421,[money]
303510,[calculated]
303434,[exclude]
262731,[item]
342776,[dual-boot]
311809,[exhaustive]
351159,[freecodecamp]
262699,[modified]
309222,[.bash-script]
323641,[blinking]
291351,[learn-c-the-hard-way]
320847,[news]
262962,[tape]
292086,[source-code]
253507,[statement]
281709,"[gcm, android-gcm]"
341315,[language]
284042,[strong]
302679,[protect]
266041,[dark]
319388,"[web2.0, web3.0]"
341843,[software-engineering]
316822,[xxx-basic]
274845,[coursera]
348598,[atom]
252760,[run]
253081,[manager]
285084,[priority]
349582,[dot-notation]
295233,[corners]
298984,[guidelines]
351225,[htc]
308117,[close]
322871,[moderation]
295117,[legal]
258571,[once]
308792,[friendship]
349778,[entry]
355395,[convert]
323081,[research]
321966,[track]
298124,[manipulation]
255169,[internet]
333833,[Apple]
331817,[godaddy]
187403,"[apps, application]"
372098,[htm]
260218,[movement]
338487,[functionality]
361729,[booking]
340724,[arrow]
317120,[goal]
378438,[identifying]
378312,[mooc]
377488,[embarcadero]
376830,[pp]
376784,[python-list]
375294,[web-interface]
374198,[deep]
373232,[protactor]
372573,[programming-competitions]
371967,[regulations]
371827,[gather]
371722,[material-design-light]
371492,[enhancement]
371416,[application]
370903,[cite]
370263,[korean]
370219,[automobiles]
369874,[assessment]
369312,[flask-mega-tutorial]
367984,[spark-framework]
367803,[circular]
367407,[flipkart]
366628,[moustache]
366486,[gdpr]
366366,"[vh, vw]"
366103,[multiple]
365933,[bypass]
365905,[customapi]
365777,[checker-board]
364698,[embedded-code]
363941,[data-change]
363863,[keycloak-2.0.0]
363504,[place]
363417,[pronunciation]
363407,[convolutional-neural-network]
363301,[graceful]
362245,[dogecoin]
362152,[grab]
361552,[kotlin-android]
361542,[game]
360819,[oscar]
360333,[atom]
356290,[workplace]
351098,"[stories, story]"
349001,[vlad]
348394,"[hijack, hijacking, hijacked]"
348131,[ibm]
342178,[use]
339421,[level]
323350,[graphic]
320690,[design]
319752,[mark]
314454,[android-gson]
314130,[goal]
310684,[no-duplicates]
304225,[words]
303925,"[unity3d-5, unity5]"
299905,"[beautifier, beautify, beautification, code-beautifier]"
295644,[code-execution]
294230,[value]
287798,[director]
278138,[code-review]
277705,[ratio]
262741,[goal]
373266,[dracula]
360795,[gaming]
314689,"[appc-alloy, appc-studio, appc-ti]"
304218,[table]
299728,[table]
258700,"[homepage, website]"
